Title,Description,Link,Media URL,Pinterest board,Publish date
Printable Free 29 Addition Math Worksheet For Grade 5 | Printable Practice,Fun and engaging Addition worksheet for Grade 5. Perfect printable math practice.,https://mathworksheetkidscoloringzone.github.io/html/printable-free-29-addition-math-worksheet-for-grade-5-9588.html,https://mathworksheetkidscoloringzone.github.io/images/printable-free-29-addition-math-worksheet-for-grade-5-9588.jpg,Math Practice Printables,03/17/2026 08:23:00 AM
3 Free Count and Color Worksheets for Grade 1,Fun and engaging Count and Color worksheet for Grade 1. Perfect printable math practice.,https://mathworksheetkidscoloringzone.github.io/html/3-free-count-and-color-worksheets-for-grade-1-6297.html,https://mathworksheetkidscoloringzone.github.io/images/3-free-count-and-color-worksheets-for-grade-1-6297.jpg,Kids Math Worksheets,03/17/2026 11:00:00 AM
Learn Counting With Pictures Worksheet (Pre-K) - Part 3 | Printable Practice,Free printable Counting Objects worksheet for Pre-K. Perfect for homeschool practice and classroom activities.,https://mathworksheetkidscoloringzone.github.io/html/learn-counting-with-pictures-worksheet-pre-k-part-3-2959.html,https://mathworksheetkidscoloringzone.github.io/images/learn-counting-with-pictures-worksheet-pre-k-part-3-2959.jpg,Homeschool Math,03/17/2026 01:30:00 PM
Free 26 Division Math Worksheet For Grade 1 - Part 4 | Printable Practice,Fun and engaging Division worksheet for Grade 1. Perfect printable math practice.,https://mathworksheetkidscoloringzone.github.io/html/free-26-division-math-worksheet-for-grade-1-part-4-3415.html,https://mathworksheetkidscoloringzone.github.io/images/free-26-division-math-worksheet-for-grade-1-part-4-3415.jpg,Printable Worksheets,03/17/2026 04:23:00 PM
Ultimate Math Trivia for Students (4 Questions),Fun and engaging Math worksheet for Math. Perfect printable math practice.,https://mathworksheetkidscoloringzone.github.io/html/ultimate-math-trivia-for-students-4-questions-3554.html,https://mathworksheetkidscoloringzone.github.io/images/ultimate-math-trivia-for-students-4-questions-3554.jpg,Homeschool Math,03/17/2026 08:37:00 PM
Missing Number Math Worksheet,Printable Missing Number worksheet designed for Grade 1 students. Easy and fun math practice.,https://mathworksheetkidscoloringzone.github.io/html/missing-number-math-worksheet-7031.html,https://mathworksheetkidscoloringzone.github.io/images/missing-number-math-worksheet-7031.jpg,Elementary Math Activities,03/18/2026 08:28:00 AM
Mixed Operations Math Worksheet,Help kids master Mixed Operations with this printable worksheet for Grade 3. Great for daily math practice.,https://mathworksheetkidscoloringzone.github.io/html/mixed-operations-math-worksheet-9663.html,https://mathworksheetkidscoloringzone.github.io/images/mixed-operations-math-worksheet-9663.jpg,Math Practice Printables,03/18/2026 11:01:00 AM
Free 15 Multiplication Math Worksheet For Grade 2 - Part 8 | Printable Practice,Help kids master Multiplication with this printable worksheet for Grade 2. Great for daily math practice.,https://mathworksheetkidscoloringzone.github.io/html/free-15-multiplication-math-worksheet-for-grade-2-part-8-7341.html,https://mathworksheetkidscoloringzone.github.io/images/free-15-multiplication-math-worksheet-for-grade-2-part-8-7341.jpg,Kids Math Worksheets,03/18/2026 01:37:00 PM
Grade 3 Subtraction Practice Worksheet (10 Problems) - Part 9 | Printable Practice,Teachers and parents love this Subtraction worksheet for Grade 3. Download and print instantly.,https://mathworksheetkidscoloringzone.github.io/html/grade-3-subtraction-practice-worksheet-10-problems-part-9-2715.html,https://mathworksheetkidscoloringzone.github.io/images/grade-3-subtraction-practice-worksheet-10-problems-part-9-2715.jpg,Kids Math Worksheets,03/18/2026 04:27:00 PM
Printable 2 Times Table Worksheet For Grade 2 - Part 10 | Printable Practice,Help kids master Times Table with this printable worksheet for Grade 2. Great for daily math practice.,https://mathworksheetkidscoloringzone.github.io/html/printable-2-times-table-worksheet-for-grade-2-part-10-6134.html,https://mathworksheetkidscoloringzone.github.io/images/printable-2-times-table-worksheet-for-grade-2-part-10-6134.jpg,Elementary Math Activities,03/18/2026 08:23:00 PM
Printable Tracing Worksheet For Kids - Part 11 | Free Printable,Fun and engaging Tracing worksheet for Kindergarten. Perfect printable math practice.,https://mathworksheetkidscoloringzone.github.io/html/printable-tracing-worksheet-for-kids-part-11-9105.html,https://mathworksheetkidscoloringzone.github.io/images/printable-tracing-worksheet-for-kids-part-11-9105.jpg,Homeschool Math,03/19/2026 08:28:00 AM
Math Word Problem Worksheet,Fun and engaging Word Problem worksheet for Grade 3. Perfect printable math practice.,https://mathworksheetkidscoloringzone.github.io/html/math-word-problem-worksheet-7234.html,https://mathworksheetkidscoloringzone.github.io/images/math-word-problem-worksheet-7234.jpg,Homeschool Math,03/19/2026 11:00:00 AM
Grade 3 Addition Practice Worksheet (22 Problems) - Part 13 | Printable Practice,Free printable Addition worksheet for Grade 3. Perfect for homeschool practice and classroom activities.,https://mathworksheetkidscoloringzone.github.io/html/grade-3-addition-practice-worksheet-22-problems-part-13-7359.html,https://mathworksheetkidscoloringzone.github.io/images/grade-3-addition-practice-worksheet-22-problems-part-13-7359.jpg,Elementary Math Activities,03/19/2026 01:35:00 PM
Preschool Count and Color Shapes Worksheet,Fun and engaging Count and Color worksheet for Preschool. Perfect printable math practice.,https://mathworksheetkidscoloringzone.github.io/html/preschool-count-and-color-shapes-worksheet-6864.html,https://mathworksheetkidscoloringzone.github.io/images/preschool-count-and-color-shapes-worksheet-6864.jpg,Math Practice Printables,03/19/2026 04:31:00 PM
Kindergarten Count The Objects Worksheet - Part 15 | Printable Practice,Help kids master Counting Objects with this printable worksheet for Kindergarten. Great for daily math practice.,https://mathworksheetkidscoloringzone.github.io/html/kindergarten-count-the-objects-worksheet-part-15-9835.html,https://mathworksheetkidscoloringzone.github.io/images/kindergarten-count-the-objects-worksheet-part-15-9835.jpg,Homeschool Math,03/19/2026 08:36:00 PM
Grade 2 Division Practice Worksheet (26 Problems) - Part 16 | Printable Practice,Printable Division worksheet designed for Grade 2 students. Easy and fun math practice.,https://mathworksheetkidscoloringzone.github.io/html/grade-2-division-practice-worksheet-26-problems-part-16-4625.html,https://mathworksheetkidscoloringzone.github.io/images/grade-2-division-practice-worksheet-26-problems-part-16-4625.jpg,Homeschool Math,03/20/2026 08:24:00 AM
Interactive Mathematics Practice for Students (8 Questions),Help kids master Math with this printable worksheet for Math. Great for daily math practice.,https://mathworksheetkidscoloringzone.github.io/html/interactive-mathematics-practice-for-students-8-questions-5612.html,https://mathworksheetkidscoloringzone.github.io/images/interactive-mathematics-practice-for-students-8-questions-5612.jpg,Math Practice Printables,03/20/2026 11:00:00 AM
Missing Number Math Worksheet,Fun and engaging Missing Number worksheet for Grade 1. Perfect printable math practice.,https://mathworksheetkidscoloringzone.github.io/html/missing-number-math-worksheet-1725.html,https://mathworksheetkidscoloringzone.github.io/images/missing-number-math-worksheet-1725.jpg,Elementary Math Activities,03/20/2026 01:26:00 PM
Mixed Operations Math Worksheet,Printable Mixed Operations worksheet designed for Grade 3 students. Easy and fun math practice.,https://mathworksheetkidscoloringzone.github.io/html/mixed-operations-math-worksheet-9602.html,https://mathworksheetkidscoloringzone.github.io/images/mixed-operations-math-worksheet-9602.jpg,Kids Math Worksheets,03/20/2026 04:31:00 PM
Printable Free 21 Multiplication Math Worksheet For Grade 2 - Part 20 | Printable Practice,Free printable Multiplication worksheet for Grade 2. Perfect for homeschool practice and classroom activities.,https://mathworksheetkidscoloringzone.github.io/html/printable-free-21-multiplication-math-worksheet-for-grade-2-part-20-4941.html,https://mathworksheetkidscoloringzone.github.io/images/printable-free-21-multiplication-math-worksheet-for-grade-2-part-20-4941.jpg,Elementary Math Activities,03/20/2026 08:31:00 PM
Printable Free 20 Subtraction Math Worksheet For Grade 3 - Part 21 | Printable Practice,Fun and engaging Subtraction worksheet for Grade 3. Perfect printable math practice.,https://mathworksheetkidscoloringzone.github.io/html/printable-free-20-subtraction-math-worksheet-for-grade-3-part-21-9722.html,https://mathworksheetkidscoloringzone.github.io/images/printable-free-20-subtraction-math-worksheet-for-grade-3-part-21-9722.jpg,Printable Worksheets,03/21/2026 08:38:00 AM
2 Times Table Worksheet For Grade 2 With Answers - Part 22 | Printable Practice,Free printable Times Table worksheet for Grade 2. Perfect for homeschool practice and classroom activities.,https://mathworksheetkidscoloringzone.github.io/html/2-times-table-worksheet-for-grade-2-with-answers-part-22-9114.html,https://mathworksheetkidscoloringzone.github.io/images/2-times-table-worksheet-for-grade-2-with-answers-part-22-9114.jpg,Printable Worksheets,03/21/2026 11:04:00 AM
Printable Tracing Worksheet For Kids - Part 23 | Free Printable,Free printable Tracing worksheet for Preschool. Perfect for homeschool practice and classroom activities.,https://mathworksheetkidscoloringzone.github.io/html/printable-tracing-worksheet-for-kids-part-23-5615.html,https://mathworksheetkidscoloringzone.github.io/images/printable-tracing-worksheet-for-kids-part-23-5615.jpg,Kids Math Worksheets,03/21/2026 01:31:00 PM
Math Word Problem Worksheet,Teachers and parents love this Word Problem worksheet for Grade 3. Download and print instantly.,https://mathworksheetkidscoloringzone.github.io/html/math-word-problem-worksheet-1226.html,https://mathworksheetkidscoloringzone.github.io/images/math-word-problem-worksheet-1226.jpg,Kids Math Worksheets,03/21/2026 04:23:00 PM
Free 25 Addition Math Worksheet For Grade 5 - Part 25 | Printable Practice,Free printable Addition worksheet for Grade 5. Perfect for homeschool practice and classroom activities.,https://mathworksheetkidscoloringzone.github.io/html/free-25-addition-math-worksheet-for-grade-5-part-25-7308.html,https://mathworksheetkidscoloringzone.github.io/images/free-25-addition-math-worksheet-for-grade-5-part-25-7308.jpg,Elementary Math Activities,03/21/2026 08:25:00 PM
"Count and Color Apple, Apple, Apple Worksheet for Kids",Fun and engaging Count and Color worksheet for Kindergarten. Perfect printable math practice.,https://mathworksheetkidscoloringzone.github.io/html/count-and-color-apple-apple-apple-worksheet-for-kids-6582.html,https://mathworksheetkidscoloringzone.github.io/images/count-and-color-apple-apple-apple-worksheet-for-kids-6582.jpg,Elementary Math Activities,03/22/2026 08:37:00 AM
Free Counting Objects Worksheet For Kindergarten - Part 27 | Printable Practice,Fun and engaging Counting Objects worksheet for Kindergarten. Perfect printable math practice.,https://mathworksheetkidscoloringzone.github.io/html/free-counting-objects-worksheet-for-kindergarten-part-27-4236.html,https://mathworksheetkidscoloringzone.github.io/images/free-counting-objects-worksheet-for-kindergarten-part-27-4236.jpg,Elementary Math Activities,03/22/2026 11:04:00 AM
Grade 2 Division Practice Worksheet (28 Problems) - Part 28 | Printable Practice,Printable Division worksheet designed for Grade 2 students. Easy and fun math practice.,https://mathworksheetkidscoloringzone.github.io/html/grade-2-division-practice-worksheet-28-problems-part-28-1294.html,https://mathworksheetkidscoloringzone.github.io/images/grade-2-division-practice-worksheet-28-problems-part-28-1294.jpg,Math Practice Printables,03/22/2026 01:35:00 PM
Daily Math Skill Test Practice Worksheet for Students,Printable Math worksheet designed for Math students. Easy and fun math practice.,https://mathworksheetkidscoloringzone.github.io/html/daily-math-skill-test-practice-worksheet-for-students-4471.html,https://mathworksheetkidscoloringzone.github.io/images/daily-math-skill-test-practice-worksheet-for-students-4471.jpg,Math Practice Printables,03/22/2026 04:28:00 PM
Missing Number Math Worksheet,Help kids master Missing Number with this printable worksheet for Grade 1. Great for daily math practice.,https://mathworksheetkidscoloringzone.github.io/html/missing-number-math-worksheet-1199.html,https://mathworksheetkidscoloringzone.github.io/images/missing-number-math-worksheet-1199.jpg,Math Practice Printables,03/22/2026 08:35:00 PM
Mixed Operations Math Worksheet,Help kids master Mixed Operations with this printable worksheet for Grade 3. Great for daily math practice.,https://mathworksheetkidscoloringzone.github.io/html/mixed-operations-math-worksheet-4650.html,https://mathworksheetkidscoloringzone.github.io/images/mixed-operations-math-worksheet-4650.jpg,Math Practice Printables,03/23/2026 08:38:00 AM
Free 18 Multiplication Math Worksheet For Grade 2 - Part 32 | Printable Practice,Free printable Multiplication worksheet for Grade 2. Perfect for homeschool practice and classroom activities.,https://mathworksheetkidscoloringzone.github.io/html/free-18-multiplication-math-worksheet-for-grade-2-part-32-1263.html,https://mathworksheetkidscoloringzone.github.io/images/free-18-multiplication-math-worksheet-for-grade-2-part-32-1263.jpg,Homeschool Math,03/23/2026 11:00:00 AM
Printable Free 15 Subtraction Math Worksheet For Grade 2 - Part 33 | Printable Practice,Fun and engaging Subtraction worksheet for Grade 2. Perfect printable math practice.,https://mathworksheetkidscoloringzone.github.io/html/printable-free-15-subtraction-math-worksheet-for-grade-2-part-33-8075.html,https://mathworksheetkidscoloringzone.github.io/images/printable-free-15-subtraction-math-worksheet-for-grade-2-part-33-8075.jpg,Elementary Math Activities,03/23/2026 01:35:00 PM
10 Times Table Worksheet For Grade 3 With Answers - Part 34 | Printable Practice,Free printable Times Table worksheet for Grade 3. Perfect for homeschool practice and classroom activities.,https://mathworksheetkidscoloringzone.github.io/html/10-times-table-worksheet-for-grade-3-with-answers-part-34-3895.html,https://mathworksheetkidscoloringzone.github.io/images/10-times-table-worksheet-for-grade-3-with-answers-part-34-3895.jpg,Elementary Math Activities,03/23/2026 04:28:00 PM
Printable Tracing Worksheet For Kids - Part 35 | Free Printable,Printable Tracing worksheet designed for Preschool students. Easy and fun math practice.,https://mathworksheetkidscoloringzone.github.io/html/printable-tracing-worksheet-for-kids-part-35-5476.html,https://mathworksheetkidscoloringzone.github.io/images/printable-tracing-worksheet-for-kids-part-35-5476.jpg,Math Practice Printables,03/23/2026 08:38:00 PM
Math Word Problem Worksheet,Help kids master Word Problem with this printable worksheet for Grade 3. Great for daily math practice.,https://mathworksheetkidscoloringzone.github.io/html/math-word-problem-worksheet-1790.html,https://mathworksheetkidscoloringzone.github.io/images/math-word-problem-worksheet-1790.jpg,Elementary Math Activities,03/24/2026 08:35:00 AM
Printable Free 23 Addition Math Worksheet For Grade 5 - Part 37 | Printable Practice,Fun and engaging Addition worksheet for Grade 5. Perfect printable math practice.,https://mathworksheetkidscoloringzone.github.io/html/printable-free-23-addition-math-worksheet-for-grade-5-part-37-7164.html,https://mathworksheetkidscoloringzone.github.io/images/printable-free-23-addition-math-worksheet-for-grade-5-part-37-7164.jpg,Printable Worksheets,03/24/2026 11:02:00 AM
Printable Count and Color Worksheet for Kindergarten Kids,Printable Count and Color worksheet designed for Kindergarten students. Easy and fun math practice.,https://mathworksheetkidscoloringzone.github.io/html/printable-count-and-color-worksheet-for-kindergarten-kids-6122.html,https://mathworksheetkidscoloringzone.github.io/images/printable-count-and-color-worksheet-for-kindergarten-kids-6122.jpg,Printable Worksheets,03/24/2026 01:36:00 PM
Free Counting Objects Worksheet For Pre-K - Part 39 | Printable Practice,Fun and engaging Counting Objects worksheet for Pre-K. Perfect printable math practice.,https://mathworksheetkidscoloringzone.github.io/html/free-counting-objects-worksheet-for-pre-k-part-39-3576.html,https://mathworksheetkidscoloringzone.github.io/images/free-counting-objects-worksheet-for-pre-k-part-39-3576.jpg,Elementary Math Activities,03/24/2026 04:26:00 PM
Free 26 Division Math Worksheet For Grade 2 - Part 40 | Printable Practice,Free printable Division worksheet for Grade 2. Perfect for homeschool practice and classroom activities.,https://mathworksheetkidscoloringzone.github.io/html/free-26-division-math-worksheet-for-grade-2-part-40-6846.html,https://mathworksheetkidscoloringzone.github.io/images/free-26-division-math-worksheet-for-grade-2-part-40-6846.jpg,Elementary Math Activities,03/24/2026 08:33:00 PM
Free Printable Math Questions Worksheet (8 Questions),Teachers and parents love this Math worksheet for Math. Download and print instantly.,https://mathworksheetkidscoloringzone.github.io/html/free-printable-math-questions-worksheet-8-questions-9610.html,https://mathworksheetkidscoloringzone.github.io/images/free-printable-math-questions-worksheet-8-questions-9610.jpg,Math Practice Printables,03/25/2026 08:27:00 AM
Missing Number Math Worksheet,Free printable Missing Number worksheet for Grade 1. Perfect for homeschool practice and classroom activities.,https://mathworksheetkidscoloringzone.github.io/html/missing-number-math-worksheet-5053.html,https://mathworksheetkidscoloringzone.github.io/images/missing-number-math-worksheet-5053.jpg,Kids Math Worksheets,03/25/2026 11:04:00 AM
Mixed Operations Math Worksheet,Fun and engaging Mixed Operations worksheet for Grade 3. Perfect printable math practice.,https://mathworksheetkidscoloringzone.github.io/html/mixed-operations-math-worksheet-3121.html,https://mathworksheetkidscoloringzone.github.io/images/mixed-operations-math-worksheet-3121.jpg,Elementary Math Activities,03/25/2026 01:33:00 PM
Free 26 Multiplication Math Worksheet For Grade 2 - Part 44 | Printable Practice,Free printable Multiplication worksheet for Grade 2. Perfect for homeschool practice and classroom activities.,https://mathworksheetkidscoloringzone.github.io/html/free-26-multiplication-math-worksheet-for-grade-2-part-44-4337.html,https://mathworksheetkidscoloringzone.github.io/images/free-26-multiplication-math-worksheet-for-grade-2-part-44-4337.jpg,Kids Math Worksheets,03/25/2026 04:30:00 PM
Free 25 Subtraction Math Worksheet For Grade 2 - Part 45 | Printable Practice,Printable Subtraction worksheet designed for Grade 2 students. Easy and fun math practice.,https://mathworksheetkidscoloringzone.github.io/html/free-25-subtraction-math-worksheet-for-grade-2-part-45-5026.html,https://mathworksheetkidscoloringzone.github.io/images/free-25-subtraction-math-worksheet-for-grade-2-part-45-5026.jpg,Homeschool Math,03/25/2026 08:33:00 PM
4 Times Table Worksheet For Grade 2 - Part 46 | Printable Practice,Printable Times Table worksheet designed for Grade 2 students. Easy and fun math practice.,https://mathworksheetkidscoloringzone.github.io/html/4-times-table-worksheet-for-grade-2-part-46-5713.html,https://mathworksheetkidscoloringzone.github.io/images/4-times-table-worksheet-for-grade-2-part-46-5713.jpg,Homeschool Math,03/26/2026 08:27:00 AM
Printable Tracing Worksheet For Kids - Part 47 | Free Printable,Fun and engaging Tracing worksheet for Preschool. Perfect printable math practice.,https://mathworksheetkidscoloringzone.github.io/html/printable-tracing-worksheet-for-kids-part-47-9465.html,https://mathworksheetkidscoloringzone.github.io/images/printable-tracing-worksheet-for-kids-part-47-9465.jpg,Kids Math Worksheets,03/26/2026 11:05:00 AM
Math Word Problem Worksheet,Fun and engaging Word Problem worksheet for Grade 3. Perfect printable math practice.,https://mathworksheetkidscoloringzone.github.io/html/math-word-problem-worksheet-9352.html,https://mathworksheetkidscoloringzone.github.io/images/math-word-problem-worksheet-9352.jpg,Printable Worksheets,03/26/2026 01:22:00 PM
Free 25 Addition Math Worksheet For Grade 5 - Part 49 | Printable Practice,Free printable Addition worksheet for Grade 5. Perfect for homeschool practice and classroom activities.,https://mathworksheetkidscoloringzone.github.io/html/free-25-addition-math-worksheet-for-grade-5-part-49-1259.html,https://mathworksheetkidscoloringzone.github.io/images/free-25-addition-math-worksheet-for-grade-5-part-49-1259.jpg,Kids Math Worksheets,03/26/2026 04:22:00 PM
5 Free Count and Color Worksheets for Grade 1,Printable Count and Color worksheet designed for Grade 1 students. Easy and fun math practice.,https://mathworksheetkidscoloringzone.github.io/html/5-free-count-and-color-worksheets-for-grade-1-5663.html,https://mathworksheetkidscoloringzone.github.io/images/5-free-count-and-color-worksheets-for-grade-1-5663.jpg,Printable Worksheets,03/26/2026 08:28:00 PM
Learn Counting With Pictures Worksheet (Pre-K) - Part 51 | Printable Practice,Fun and engaging Counting Objects worksheet for Pre-K. Perfect printable math practice.,https://mathworksheetkidscoloringzone.github.io/html/learn-counting-with-pictures-worksheet-pre-k-part-51-7211.html,https://mathworksheetkidscoloringzone.github.io/images/learn-counting-with-pictures-worksheet-pre-k-part-51-7211.jpg,Math Practice Printables,03/27/2026 08:24:00 AM
Grade 1 Division Practice Worksheet (21 Problems) - Part 52 | Printable Practice,Free printable Division worksheet for Grade 1. Perfect for homeschool practice and classroom activities.,https://mathworksheetkidscoloringzone.github.io/html/grade-1-division-practice-worksheet-21-problems-part-52-7920.html,https://mathworksheetkidscoloringzone.github.io/images/grade-1-division-practice-worksheet-21-problems-part-52-7920.jpg,Kids Math Worksheets,03/27/2026 11:00:00 AM
Complete Mathematics Quiz Worksheet (4 Questions),Help kids master Math with this printable worksheet for Math. Great for daily math practice.,https://mathworksheetkidscoloringzone.github.io/html/complete-mathematics-quiz-worksheet-4-questions-1961.html,https://mathworksheetkidscoloringzone.github.io/images/complete-mathematics-quiz-worksheet-4-questions-1961.jpg,Elementary Math Activities,03/27/2026 01:28:00 PM
Missing Number Math Worksheet,Help kids master Missing Number with this printable worksheet for Grade 1. Great for daily math practice.,https://mathworksheetkidscoloringzone.github.io/html/missing-number-math-worksheet-7351.html,https://mathworksheetkidscoloringzone.github.io/images/missing-number-math-worksheet-7351.jpg,Math Practice Printables,03/27/2026 04:31:00 PM
Mixed Operations Math Worksheet,Printable Mixed Operations worksheet designed for Grade 3 students. Easy and fun math practice.,https://mathworksheetkidscoloringzone.github.io/html/mixed-operations-math-worksheet-8791.html,https://mathworksheetkidscoloringzone.github.io/images/mixed-operations-math-worksheet-8791.jpg,Kids Math Worksheets,03/27/2026 08:34:00 PM
Free 22 Multiplication Math Worksheet For Grade 1 With Answers - Part 56 | Printable Practice,Teachers and parents love this Multiplication worksheet for Grade 1. Download and print instantly.,https://mathworksheetkidscoloringzone.github.io/html/free-22-multiplication-math-worksheet-for-grade-1-with-answers-part-56-6440.html,https://mathworksheetkidscoloringzone.github.io/images/free-22-multiplication-math-worksheet-for-grade-1-with-answers-part-56-6440.jpg,Elementary Math Activities,03/28/2026 08:31:00 AM
Free 19 Subtraction Math Worksheet For Grade 5 With Answers - Part 57 | Printable Practice,Teachers and parents love this Subtraction worksheet for Grade 5. Download and print instantly.,https://mathworksheetkidscoloringzone.github.io/html/free-19-subtraction-math-worksheet-for-grade-5-with-answers-part-57-5928.html,https://mathworksheetkidscoloringzone.github.io/images/free-19-subtraction-math-worksheet-for-grade-5-with-answers-part-57-5928.jpg,Printable Worksheets,03/28/2026 11:00:00 AM
7 Times Table Worksheet For Grade 3 - Part 58 | Printable Practice,Help kids master Times Table with this printable worksheet for Grade 3. Great for daily math practice.,https://mathworksheetkidscoloringzone.github.io/html/7-times-table-worksheet-for-grade-3-part-58-5995.html,https://mathworksheetkidscoloringzone.github.io/images/7-times-table-worksheet-for-grade-3-part-58-5995.jpg,Elementary Math Activities,03/28/2026 01:28:00 PM
Printable Tracing Worksheet For Kids - Part 59 | Free Printable,Teachers and parents love this Tracing worksheet for Preschool. Download and print instantly.,https://mathworksheetkidscoloringzone.github.io/html/printable-tracing-worksheet-for-kids-part-59-8023.html,https://mathworksheetkidscoloringzone.github.io/images/printable-tracing-worksheet-for-kids-part-59-8023.jpg,Homeschool Math,03/28/2026 04:25:00 PM
Math Word Problem Worksheet,Teachers and parents love this Word Problem worksheet for Grade 3. Download and print instantly.,https://mathworksheetkidscoloringzone.github.io/html/math-word-problem-worksheet-7449.html,https://mathworksheetkidscoloringzone.github.io/images/math-word-problem-worksheet-7449.jpg,Printable Worksheets,03/28/2026 08:29:00 PM
Free 25 Addition Math Worksheet For Grade 1 With Answers - Part 61 | Printable Practice,Teachers and parents love this Addition worksheet for Grade 1. Download and print instantly.,https://mathworksheetkidscoloringzone.github.io/html/free-25-addition-math-worksheet-for-grade-1-with-answers-part-61-7634.html,https://mathworksheetkidscoloringzone.github.io/images/free-25-addition-math-worksheet-for-grade-1-with-answers-part-61-7634.jpg,Elementary Math Activities,03/29/2026 08:32:00 AM
Grade 1 Count and Color Shapes Worksheet,Fun and engaging Count and Color worksheet for Grade 1. Perfect printable math practice.,https://mathworksheetkidscoloringzone.github.io/html/grade-1-count-and-color-shapes-worksheet-4560.html,https://mathworksheetkidscoloringzone.github.io/images/grade-1-count-and-color-shapes-worksheet-4560.jpg,Homeschool Math,03/29/2026 11:02:00 AM
Learn Counting With Pictures Worksheet (Pre-K) - Part 63 | Printable Practice,Fun and engaging Counting Objects worksheet for Pre-K. Perfect printable math practice.,https://mathworksheetkidscoloringzone.github.io/html/learn-counting-with-pictures-worksheet-pre-k-part-63-4192.html,https://mathworksheetkidscoloringzone.github.io/images/learn-counting-with-pictures-worksheet-pre-k-part-63-4192.jpg,Printable Worksheets,03/29/2026 01:28:00 PM
Free 23 Division Math Worksheet For Grade 1 With Answers - Part 64 | Printable Practice,Printable Division worksheet designed for Grade 1 students. Easy and fun math practice.,https://mathworksheetkidscoloringzone.github.io/html/free-23-division-math-worksheet-for-grade-1-with-answers-part-64-8576.html,https://mathworksheetkidscoloringzone.github.io/images/free-23-division-math-worksheet-for-grade-1-with-answers-part-64-8576.jpg,Printable Worksheets,03/29/2026 04:34:00 PM
4 Mathematics Problem Set Test Worksheet for High School Students,Fun and engaging Math worksheet for Math. Perfect printable math practice.,https://mathworksheetkidscoloringzone.github.io/html/4-mathematics-problem-set-test-worksheet-for-high-school-students-8970.html,https://mathworksheetkidscoloringzone.github.io/images/4-mathematics-problem-set-test-worksheet-for-high-school-students-8970.jpg,Kids Math Worksheets,03/29/2026 08:30:00 PM
Missing Number Math Worksheet,Free printable Missing Number worksheet for Grade 1. Perfect for homeschool practice and classroom activities.,https://mathworksheetkidscoloringzone.github.io/html/missing-number-math-worksheet-3251.html,https://mathworksheetkidscoloringzone.github.io/images/missing-number-math-worksheet-3251.jpg,Homeschool Math,03/30/2026 08:24:00 AM
Mixed Operations Math Worksheet,Printable Mixed Operations worksheet designed for Grade 3 students. Easy and fun math practice.,https://mathworksheetkidscoloringzone.github.io/html/mixed-operations-math-worksheet-3297.html,https://mathworksheetkidscoloringzone.github.io/images/mixed-operations-math-worksheet-3297.jpg,Printable Worksheets,03/30/2026 11:00:00 AM
Printable Free 24 Multiplication Math Worksheet For Grade 1 - Part 68 | Printable Practice,Help kids master Multiplication with this printable worksheet for Grade 1. Great for daily math practice.,https://mathworksheetkidscoloringzone.github.io/html/printable-free-24-multiplication-math-worksheet-for-grade-1-part-68-1431.html,https://mathworksheetkidscoloringzone.github.io/images/printable-free-24-multiplication-math-worksheet-for-grade-1-part-68-1431.jpg,Elementary Math Activities,03/30/2026 01:22:00 PM
Grade 5 Subtraction Practice Worksheet (23 Problems) - Part 69 | Printable Practice,Help kids master Subtraction with this printable worksheet for Grade 5. Great for daily math practice.,https://mathworksheetkidscoloringzone.github.io/html/grade-5-subtraction-practice-worksheet-23-problems-part-69-2363.html,https://mathworksheetkidscoloringzone.github.io/images/grade-5-subtraction-practice-worksheet-23-problems-part-69-2363.jpg,Math Practice Printables,03/30/2026 04:37:00 PM
2 Times Table Worksheet For Grade 2 - Part 70 | Printable Practice,Printable Times Table worksheet designed for Grade 2 students. Easy and fun math practice.,https://mathworksheetkidscoloringzone.github.io/html/2-times-table-worksheet-for-grade-2-part-70-8836.html,https://mathworksheetkidscoloringzone.github.io/images/2-times-table-worksheet-for-grade-2-part-70-8836.jpg,Kids Math Worksheets,03/30/2026 08:38:00 PM
Printable Tracing Worksheet For Kids - Part 71 | Free Printable,Help kids master Tracing with this printable worksheet for Kindergarten. Great for daily math practice.,https://mathworksheetkidscoloringzone.github.io/html/printable-tracing-worksheet-for-kids-part-71-3559.html,https://mathworksheetkidscoloringzone.github.io/images/printable-tracing-worksheet-for-kids-part-71-3559.jpg,Homeschool Math,03/31/2026 08:30:00 AM
Math Word Problem Worksheet,Fun and engaging Word Problem worksheet for Grade 3. Perfect printable math practice.,https://mathworksheetkidscoloringzone.github.io/html/math-word-problem-worksheet-8847.html,https://mathworksheetkidscoloringzone.github.io/images/math-word-problem-worksheet-8847.jpg,Elementary Math Activities,03/31/2026 11:00:00 AM
Grade 1 Addition Practice Worksheet (16 Problems) - Part 73 | Printable Practice,Help kids master Addition with this printable worksheet for Grade 1. Great for daily math practice.,https://mathworksheetkidscoloringzone.github.io/html/grade-1-addition-practice-worksheet-16-problems-part-73-9194.html,https://mathworksheetkidscoloringzone.github.io/images/grade-1-addition-practice-worksheet-16-problems-part-73-9194.jpg,Printable Worksheets,03/31/2026 01:37:00 PM
Kindergarten Count and Color Shapes Worksheet,Teachers and parents love this Count and Color worksheet for Kindergarten. Download and print instantly.,https://mathworksheetkidscoloringzone.github.io/html/kindergarten-count-and-color-shapes-worksheet-1156.html,https://mathworksheetkidscoloringzone.github.io/images/kindergarten-count-and-color-shapes-worksheet-1156.jpg,Math Practice Printables,03/31/2026 04:30:00 PM
Learn Counting With Pictures Worksheet (Kindergarten) - Part 75 | Printable Practice,Fun and engaging Counting Objects worksheet for Kindergarten. Perfect printable math practice.,https://mathworksheetkidscoloringzone.github.io/html/learn-counting-with-pictures-worksheet-kindergarten-part-75-5938.html,https://mathworksheetkidscoloringzone.github.io/images/learn-counting-with-pictures-worksheet-kindergarten-part-75-5938.jpg,Math Practice Printables,03/31/2026 08:30:00 PM
Free 20 Division Math Worksheet For Grade 1 - Part 76 | Printable Practice,Printable Division worksheet designed for Grade 1 students. Easy and fun math practice.,https://mathworksheetkidscoloringzone.github.io/html/free-20-division-math-worksheet-for-grade-1-part-76-1479.html,https://mathworksheetkidscoloringzone.github.io/images/free-20-division-math-worksheet-for-grade-1-part-76-1479.jpg,Homeschool Math,04/01/2026 08:35:00 AM
Daily Mathematics Quiz for Students (7 Questions),Printable Math worksheet designed for Math students. Easy and fun math practice.,https://mathworksheetkidscoloringzone.github.io/html/daily-mathematics-quiz-for-students-7-questions-5391.html,https://mathworksheetkidscoloringzone.github.io/images/daily-mathematics-quiz-for-students-7-questions-5391.jpg,Kids Math Worksheets,04/01/2026 11:00:00 AM
Missing Number Math Worksheet,Printable Missing Number worksheet designed for Grade 1 students. Easy and fun math practice.,https://mathworksheetkidscoloringzone.github.io/html/missing-number-math-worksheet-9984.html,https://mathworksheetkidscoloringzone.github.io/images/missing-number-math-worksheet-9984.jpg,Math Practice Printables,04/01/2026 01:37:00 PM
Mixed Operations Math Worksheet,Free printable Mixed Operations worksheet for Grade 3. Perfect for homeschool practice and classroom activities.,https://mathworksheetkidscoloringzone.github.io/html/mixed-operations-math-worksheet-9928.html,https://mathworksheetkidscoloringzone.github.io/images/mixed-operations-math-worksheet-9928.jpg,Elementary Math Activities,04/01/2026 04:26:00 PM
Free 10 Multiplication Math Worksheet For Grade 2 With Answers - Part 80 | Printable Practice,Printable Multiplication worksheet designed for Grade 2 students. Easy and fun math practice.,https://mathworksheetkidscoloringzone.github.io/html/free-10-multiplication-math-worksheet-for-grade-2-with-answers-part-80-4572.html,https://mathworksheetkidscoloringzone.github.io/images/free-10-multiplication-math-worksheet-for-grade-2-with-answers-part-80-4572.jpg,Kids Math Worksheets,04/01/2026 08:26:00 PM
Printable Free 11 Subtraction Math Worksheet For Grade 3 - Part 81 | Printable Practice,Fun and engaging Subtraction worksheet for Grade 3. Perfect printable math practice.,https://mathworksheetkidscoloringzone.github.io/html/printable-free-11-subtraction-math-worksheet-for-grade-3-part-81-7471.html,https://mathworksheetkidscoloringzone.github.io/images/printable-free-11-subtraction-math-worksheet-for-grade-3-part-81-7471.jpg,Printable Worksheets,04/02/2026 08:35:00 AM
Printable 12 Times Table Worksheet For Grade 4 - Part 82 | Printable Practice,Printable Times Table worksheet designed for Grade 4 students. Easy and fun math practice.,https://mathworksheetkidscoloringzone.github.io/html/printable-12-times-table-worksheet-for-grade-4-part-82-3586.html,https://mathworksheetkidscoloringzone.github.io/images/printable-12-times-table-worksheet-for-grade-4-part-82-3586.jpg,Math Practice Printables,04/02/2026 11:00:00 AM
Printable Tracing Worksheet For Kids - Part 83 | Free Printable,Help kids master Tracing with this printable worksheet for Preschool. Great for daily math practice.,https://mathworksheetkidscoloringzone.github.io/html/printable-tracing-worksheet-for-kids-part-83-5737.html,https://mathworksheetkidscoloringzone.github.io/images/printable-tracing-worksheet-for-kids-part-83-5737.jpg,Homeschool Math,04/02/2026 01:28:00 PM
Math Word Problem Worksheet,Printable Word Problem worksheet designed for Grade 3 students. Easy and fun math practice.,https://mathworksheetkidscoloringzone.github.io/html/math-word-problem-worksheet-8463.html,https://mathworksheetkidscoloringzone.github.io/images/math-word-problem-worksheet-8463.jpg,Homeschool Math,04/02/2026 04:32:00 PM
Free 15 Addition Math Worksheet For Grade 1 With Answers - Part 85 | Printable Practice,Teachers and parents love this Addition worksheet for Grade 1. Download and print instantly.,https://mathworksheetkidscoloringzone.github.io/html/free-15-addition-math-worksheet-for-grade-1-with-answers-part-85-1145.html,https://mathworksheetkidscoloringzone.github.io/images/free-15-addition-math-worksheet-for-grade-1-with-answers-part-85-1145.jpg,Elementary Math Activities,04/02/2026 08:23:00 PM
Free Preschool Count and Color Worksheet,Teachers and parents love this Count and Color worksheet for Preschool. Download and print instantly.,https://mathworksheetkidscoloringzone.github.io/html/free-preschool-count-and-color-worksheet-6421.html,https://mathworksheetkidscoloringzone.github.io/images/free-preschool-count-and-color-worksheet-6421.jpg,Elementary Math Activities,04/03/2026 08:28:00 AM
Free Counting Objects Worksheet For Pre-K - Part 87 | Printable Practice,Help kids master Counting Objects with this printable worksheet for Pre-K. Great for daily math practice.,https://mathworksheetkidscoloringzone.github.io/html/free-counting-objects-worksheet-for-pre-k-part-87-5140.html,https://mathworksheetkidscoloringzone.github.io/images/free-counting-objects-worksheet-for-pre-k-part-87-5140.jpg,Elementary Math Activities,04/03/2026 11:00:00 AM
Grade 1 Division Practice Worksheet (10 Problems) - Part 88 | Printable Practice,Teachers and parents love this Division worksheet for Grade 1. Download and print instantly.,https://mathworksheetkidscoloringzone.github.io/html/grade-1-division-practice-worksheet-10-problems-part-88-3940.html,https://mathworksheetkidscoloringzone.github.io/images/grade-1-division-practice-worksheet-10-problems-part-88-3940.jpg,Math Practice Printables,04/03/2026 01:25:00 PM
Printable Mathematics Practice Test Worksheet for Students,Fun and engaging Math worksheet for Math. Perfect printable math practice.,https://mathworksheetkidscoloringzone.github.io/html/printable-mathematics-practice-test-worksheet-for-students-1592.html,https://mathworksheetkidscoloringzone.github.io/images/printable-mathematics-practice-test-worksheet-for-students-1592.jpg,Printable Worksheets,04/03/2026 04:29:00 PM
Missing Number Math Worksheet,Help kids master Missing Number with this printable worksheet for Grade 1. Great for daily math practice.,https://mathworksheetkidscoloringzone.github.io/html/missing-number-math-worksheet-9098.html,https://mathworksheetkidscoloringzone.github.io/images/missing-number-math-worksheet-9098.jpg,Elementary Math Activities,04/03/2026 08:22:00 PM
Mixed Operations Math Worksheet,Fun and engaging Mixed Operations worksheet for Grade 3. Perfect printable math practice.,https://mathworksheetkidscoloringzone.github.io/html/mixed-operations-math-worksheet-2925.html,https://mathworksheetkidscoloringzone.github.io/images/mixed-operations-math-worksheet-2925.jpg,Elementary Math Activities,04/04/2026 08:26:00 AM
Grade 2 Multiplication Practice Worksheet (23 Problems) - Part 92 | Printable Practice,Help kids master Multiplication with this printable worksheet for Grade 2. Great for daily math practice.,https://mathworksheetkidscoloringzone.github.io/html/grade-2-multiplication-practice-worksheet-23-problems-part-92-4244.html,https://mathworksheetkidscoloringzone.github.io/images/grade-2-multiplication-practice-worksheet-23-problems-part-92-4244.jpg,Math Practice Printables,04/04/2026 11:01:00 AM
Free 12 Subtraction Math Worksheet For Grade 3 With Answers - Part 93 | Printable Practice,Help kids master Subtraction with this printable worksheet for Grade 3. Great for daily math practice.,https://mathworksheetkidscoloringzone.github.io/html/free-12-subtraction-math-worksheet-for-grade-3-with-answers-part-93-4205.html,https://mathworksheetkidscoloringzone.github.io/images/free-12-subtraction-math-worksheet-for-grade-3-with-answers-part-93-4205.jpg,Elementary Math Activities,04/04/2026 01:38:00 PM
10 Times Table Worksheet For Grade 3 With Answers - Part 94 | Printable Practice,Teachers and parents love this Times Table worksheet for Grade 3. Download and print instantly.,https://mathworksheetkidscoloringzone.github.io/html/10-times-table-worksheet-for-grade-3-with-answers-part-94-5838.html,https://mathworksheetkidscoloringzone.github.io/images/10-times-table-worksheet-for-grade-3-with-answers-part-94-5838.jpg,Kids Math Worksheets,04/04/2026 04:32:00 PM
Printable Tracing Worksheet For Kids - Part 95 | Free Printable,Teachers and parents love this Tracing worksheet for Preschool. Download and print instantly.,https://mathworksheetkidscoloringzone.github.io/html/printable-tracing-worksheet-for-kids-part-95-9462.html,https://mathworksheetkidscoloringzone.github.io/images/printable-tracing-worksheet-for-kids-part-95-9462.jpg,Math Practice Printables,04/04/2026 08:31:00 PM
Math Word Problem Worksheet,Printable Word Problem worksheet designed for Grade 3 students. Easy and fun math practice.,https://mathworksheetkidscoloringzone.github.io/html/math-word-problem-worksheet-4428.html,https://mathworksheetkidscoloringzone.github.io/images/math-word-problem-worksheet-4428.jpg,Math Practice Printables,04/05/2026 08:36:00 AM
Grade 5 Addition Practice Worksheet (18 Problems) - Part 97 | Printable Practice,Printable Addition worksheet designed for Grade 5 students. Easy and fun math practice.,https://mathworksheetkidscoloringzone.github.io/html/grade-5-addition-practice-worksheet-18-problems-part-97-7017.html,https://mathworksheetkidscoloringzone.github.io/images/grade-5-addition-practice-worksheet-18-problems-part-97-7017.jpg,Homeschool Math,04/05/2026 11:00:00 AM
5 Free Count and Color Worksheets for Kindergarten,Free printable Count and Color worksheet for Kindergarten. Perfect for homeschool practice and classroom activities.,https://mathworksheetkidscoloringzone.github.io/html/5-free-count-and-color-worksheets-for-kindergarten-3887.html,https://mathworksheetkidscoloringzone.github.io/images/5-free-count-and-color-worksheets-for-kindergarten-3887.jpg,Elementary Math Activities,04/05/2026 01:24:00 PM
Learn Counting With Pictures Worksheet (Kindergarten) - Part 99 | Printable Practice,Printable Counting Objects worksheet designed for Kindergarten students. Easy and fun math practice.,https://mathworksheetkidscoloringzone.github.io/html/learn-counting-with-pictures-worksheet-kindergarten-part-99-2837.html,https://mathworksheetkidscoloringzone.github.io/images/learn-counting-with-pictures-worksheet-kindergarten-part-99-2837.jpg,Homeschool Math,04/05/2026 04:35:00 PM
Free 17 Division Math Worksheet For Grade 2 With Answers - Part 100 | Printable Practice,Free printable Division worksheet for Grade 2. Perfect for homeschool practice and classroom activities.,https://mathworksheetkidscoloringzone.github.io/html/free-17-division-math-worksheet-for-grade-2-with-answers-part-100-1701.html,https://mathworksheetkidscoloringzone.github.io/images/free-17-division-math-worksheet-for-grade-2-with-answers-part-100-1701.jpg,Printable Worksheets,04/05/2026 08:31:00 PM
Practice Math Knowledge Test for Students (7 Questions),Free printable Math worksheet for Math. Perfect for homeschool practice and classroom activities.,https://mathworksheetkidscoloringzone.github.io/html/practice-math-knowledge-test-for-students-7-questions-4356.html,https://mathworksheetkidscoloringzone.github.io/images/practice-math-knowledge-test-for-students-7-questions-4356.jpg,Math Practice Printables,04/06/2026 08:29:00 AM
Missing Number Math Worksheet,Free printable Missing Number worksheet for Grade 1. Perfect for homeschool practice and classroom activities.,https://mathworksheetkidscoloringzone.github.io/html/missing-number-math-worksheet-4650.html,https://mathworksheetkidscoloringzone.github.io/images/missing-number-math-worksheet-4650.jpg,Printable Worksheets,04/06/2026 11:03:00 AM
Mixed Operations Math Worksheet,Fun and engaging Mixed Operations worksheet for Grade 3. Perfect printable math practice.,https://mathworksheetkidscoloringzone.github.io/html/mixed-operations-math-worksheet-1316.html,https://mathworksheetkidscoloringzone.github.io/images/mixed-operations-math-worksheet-1316.jpg,Kids Math Worksheets,04/06/2026 01:32:00 PM
Grade 2 Multiplication Practice Worksheet (12 Problems) - Part 104 | Printable Practice,Teachers and parents love this Multiplication worksheet for Grade 2. Download and print instantly.,https://mathworksheetkidscoloringzone.github.io/html/grade-2-multiplication-practice-worksheet-12-problems-part-104-4933.html,https://mathworksheetkidscoloringzone.github.io/images/grade-2-multiplication-practice-worksheet-12-problems-part-104-4933.jpg,Math Practice Printables,04/06/2026 04:27:00 PM
Grade 2 Subtraction Practice Worksheet (21 Problems) - Part 105 | Printable Practice,Printable Subtraction worksheet designed for Grade 2 students. Easy and fun math practice.,https://mathworksheetkidscoloringzone.github.io/html/grade-2-subtraction-practice-worksheet-21-problems-part-105-7258.html,https://mathworksheetkidscoloringzone.github.io/images/grade-2-subtraction-practice-worksheet-21-problems-part-105-7258.jpg,Printable Worksheets,04/06/2026 08:24:00 PM
6 Times Table Worksheet For Grade 3 With Answers - Part 106 | Printable Practice,Printable Times Table worksheet designed for Grade 3 students. Easy and fun math practice.,https://mathworksheetkidscoloringzone.github.io/html/6-times-table-worksheet-for-grade-3-with-answers-part-106-7260.html,https://mathworksheetkidscoloringzone.github.io/images/6-times-table-worksheet-for-grade-3-with-answers-part-106-7260.jpg,Homeschool Math,04/07/2026 08:34:00 AM
Printable Tracing Worksheet For Kids - Part 107 | Free Printable,Printable Tracing worksheet designed for Preschool students. Easy and fun math practice.,https://mathworksheetkidscoloringzone.github.io/html/printable-tracing-worksheet-for-kids-part-107-7794.html,https://mathworksheetkidscoloringzone.github.io/images/printable-tracing-worksheet-for-kids-part-107-7794.jpg,Math Practice Printables,04/07/2026 11:02:00 AM
Math Word Problem Worksheet,Help kids master Word Problem with this printable worksheet for Grade 3. Great for daily math practice.,https://mathworksheetkidscoloringzone.github.io/html/math-word-problem-worksheet-4689.html,https://mathworksheetkidscoloringzone.github.io/images/math-word-problem-worksheet-4689.jpg,Printable Worksheets,04/07/2026 01:25:00 PM
Free 21 Addition Math Worksheet For Grade 3 - Part 109 | Printable Practice,Fun and engaging Addition worksheet for Grade 3. Perfect printable math practice.,https://mathworksheetkidscoloringzone.github.io/html/free-21-addition-math-worksheet-for-grade-3-part-109-7021.html,https://mathworksheetkidscoloringzone.github.io/images/free-21-addition-math-worksheet-for-grade-3-part-109-7021.jpg,Kids Math Worksheets,04/07/2026 04:35:00 PM
"Count and Color Star, Triangle, Ball Worksheet for Kids",Teachers and parents love this Count and Color worksheet for Preschool. Download and print instantly.,https://mathworksheetkidscoloringzone.github.io/html/count-and-color-star-triangle-ball-worksheet-for-kids-5564.html,https://mathworksheetkidscoloringzone.github.io/images/count-and-color-star-triangle-ball-worksheet-for-kids-5564.jpg,Math Practice Printables,04/07/2026 08:36:00 PM
Kindergarten Count The Objects Worksheet - Part 111 | Printable Practice,Teachers and parents love this Counting Objects worksheet for Kindergarten. Download and print instantly.,https://mathworksheetkidscoloringzone.github.io/html/kindergarten-count-the-objects-worksheet-part-111-6021.html,https://mathworksheetkidscoloringzone.github.io/images/kindergarten-count-the-objects-worksheet-part-111-6021.jpg,Kids Math Worksheets,04/08/2026 08:32:00 AM
Grade 1 Division Practice Worksheet (30 Problems) - Part 112 | Printable Practice,Fun and engaging Division worksheet for Grade 1. Perfect printable math practice.,https://mathworksheetkidscoloringzone.github.io/html/grade-1-division-practice-worksheet-30-problems-part-112-7276.html,https://mathworksheetkidscoloringzone.github.io/images/grade-1-division-practice-worksheet-30-problems-part-112-7276.jpg,Elementary Math Activities,04/08/2026 11:00:00 AM
4 Math Skill Test Practice Worksheet,Help kids master Math with this printable worksheet for Math. Great for daily math practice.,https://mathworksheetkidscoloringzone.github.io/html/4-math-skill-test-practice-worksheet-3838.html,https://mathworksheetkidscoloringzone.github.io/images/4-math-skill-test-practice-worksheet-3838.jpg,Printable Worksheets,04/08/2026 01:25:00 PM
Missing Number Math Worksheet,Free printable Missing Number worksheet for Grade 1. Perfect for homeschool practice and classroom activities.,https://mathworksheetkidscoloringzone.github.io/html/missing-number-math-worksheet-6820.html,https://mathworksheetkidscoloringzone.github.io/images/missing-number-math-worksheet-6820.jpg,Kids Math Worksheets,04/08/2026 04:33:00 PM
Mixed Operations Math Worksheet,Printable Mixed Operations worksheet designed for Grade 3 students. Easy and fun math practice.,https://mathworksheetkidscoloringzone.github.io/html/mixed-operations-math-worksheet-5271.html,https://mathworksheetkidscoloringzone.github.io/images/mixed-operations-math-worksheet-5271.jpg,Homeschool Math,04/08/2026 08:27:00 PM
Grade 1 Multiplication Practice Worksheet (13 Problems) - Part 116 | Printable Practice,Fun and engaging Multiplication worksheet for Grade 1. Perfect printable math practice.,https://mathworksheetkidscoloringzone.github.io/html/grade-1-multiplication-practice-worksheet-13-problems-part-116-4328.html,https://mathworksheetkidscoloringzone.github.io/images/grade-1-multiplication-practice-worksheet-13-problems-part-116-4328.jpg,Elementary Math Activities,04/09/2026 08:33:00 AM
Grade 3 Subtraction Practice Worksheet (26 Problems) - Part 117 | Printable Practice,Printable Subtraction worksheet designed for Grade 3 students. Easy and fun math practice.,https://mathworksheetkidscoloringzone.github.io/html/grade-3-subtraction-practice-worksheet-26-problems-part-117-1794.html,https://mathworksheetkidscoloringzone.github.io/images/grade-3-subtraction-practice-worksheet-26-problems-part-117-1794.jpg,Math Practice Printables,04/09/2026 11:06:00 AM
Grade 3 Multiplication Table 10 Practice - Part 118 | Printable Practice,Help kids master Times Table with this printable worksheet for Grade 3. Great for daily math practice.,https://mathworksheetkidscoloringzone.github.io/html/grade-3-multiplication-table-10-practice-part-118-6948.html,https://mathworksheetkidscoloringzone.github.io/images/grade-3-multiplication-table-10-practice-part-118-6948.jpg,Elementary Math Activities,04/09/2026 01:29:00 PM
Printable Tracing Worksheet For Kids - Part 119 | Free Printable,Fun and engaging Tracing worksheet for Kindergarten. Perfect printable math practice.,https://mathworksheetkidscoloringzone.github.io/html/printable-tracing-worksheet-for-kids-part-119-1905.html,https://mathworksheetkidscoloringzone.github.io/images/printable-tracing-worksheet-for-kids-part-119-1905.jpg,Math Practice Printables,04/09/2026 04:33:00 PM
Math Word Problem Worksheet,Teachers and parents love this Word Problem worksheet for Grade 3. Download and print instantly.,https://mathworksheetkidscoloringzone.github.io/html/math-word-problem-worksheet-3117.html,https://mathworksheetkidscoloringzone.github.io/images/math-word-problem-worksheet-3117.jpg,Homeschool Math,04/09/2026 08:24:00 PM
Free 25 Addition Math Worksheet For Grade 1 With Answers - Part 121 | Printable Practice,Help kids master Addition with this printable worksheet for Grade 1. Great for daily math practice.,https://mathworksheetkidscoloringzone.github.io/html/free-25-addition-math-worksheet-for-grade-1-with-answers-part-121-9627.html,https://mathworksheetkidscoloringzone.github.io/images/free-25-addition-math-worksheet-for-grade-1-with-answers-part-121-9627.jpg,Kids Math Worksheets,04/10/2026 08:25:00 AM
4 Free Count and Color Worksheets for Preschool,Help kids master Count and Color with this printable worksheet for Preschool. Great for daily math practice.,https://mathworksheetkidscoloringzone.github.io/html/4-free-count-and-color-worksheets-for-preschool-3830.html,https://mathworksheetkidscoloringzone.github.io/images/4-free-count-and-color-worksheets-for-preschool-3830.jpg,Elementary Math Activities,04/10/2026 11:06:00 AM
Free Counting Objects Worksheet For Kindergarten Printable - Part 123 | Printable Practice,Fun and engaging Counting Objects worksheet for Kindergarten. Perfect printable math practice.,https://mathworksheetkidscoloringzone.github.io/html/free-counting-objects-worksheet-for-kindergarten-printable-part-123-6821.html,https://mathworksheetkidscoloringzone.github.io/images/free-counting-objects-worksheet-for-kindergarten-printable-part-123-6821.jpg,Math Practice Printables,04/10/2026 01:24:00 PM
Free 26 Division Math Worksheet For Grade 2 - Part 124 | Printable Practice,Free printable Division worksheet for Grade 2. Perfect for homeschool practice and classroom activities.,https://mathworksheetkidscoloringzone.github.io/html/free-26-division-math-worksheet-for-grade-2-part-124-9542.html,https://mathworksheetkidscoloringzone.github.io/images/free-26-division-math-worksheet-for-grade-2-part-124-9542.jpg,Printable Worksheets,04/10/2026 04:34:00 PM
Printable Math Challenge Quiz Worksheet for Math Learners,Help kids master Math with this printable worksheet for Math. Great for daily math practice.,https://mathworksheetkidscoloringzone.github.io/html/printable-math-challenge-quiz-worksheet-for-math-learners-5460.html,https://mathworksheetkidscoloringzone.github.io/images/printable-math-challenge-quiz-worksheet-for-math-learners-5460.jpg,Printable Worksheets,04/10/2026 08:25:00 PM
Missing Number Math Worksheet,Help kids master Missing Number with this printable worksheet for Grade 1. Great for daily math practice.,https://mathworksheetkidscoloringzone.github.io/html/missing-number-math-worksheet-4595.html,https://mathworksheetkidscoloringzone.github.io/images/missing-number-math-worksheet-4595.jpg,Math Practice Printables,04/11/2026 08:33:00 AM
Mixed Operations Math Worksheet,Free printable Mixed Operations worksheet for Grade 3. Perfect for homeschool practice and classroom activities.,https://mathworksheetkidscoloringzone.github.io/html/mixed-operations-math-worksheet-9366.html,https://mathworksheetkidscoloringzone.github.io/images/mixed-operations-math-worksheet-9366.jpg,Kids Math Worksheets,04/11/2026 11:01:00 AM
Grade 1 Multiplication Practice Worksheet (14 Problems) - Part 128 | Printable Practice,Printable Multiplication worksheet designed for Grade 1 students. Easy and fun math practice.,https://mathworksheetkidscoloringzone.github.io/html/grade-1-multiplication-practice-worksheet-14-problems-part-128-9478.html,https://mathworksheetkidscoloringzone.github.io/images/grade-1-multiplication-practice-worksheet-14-problems-part-128-9478.jpg,Kids Math Worksheets,04/11/2026 01:27:00 PM
Printable Free 29 Subtraction Math Worksheet For Grade 2 - Part 129 | Printable Practice,Printable Subtraction worksheet designed for Grade 2 students. Easy and fun math practice.,https://mathworksheetkidscoloringzone.github.io/html/printable-free-29-subtraction-math-worksheet-for-grade-2-part-129-9665.html,https://mathworksheetkidscoloringzone.github.io/images/printable-free-29-subtraction-math-worksheet-for-grade-2-part-129-9665.jpg,Printable Worksheets,04/11/2026 04:33:00 PM
6 Times Table Worksheet For Grade 3 With Answers - Part 130 | Printable Practice,Free printable Times Table worksheet for Grade 3. Perfect for homeschool practice and classroom activities.,https://mathworksheetkidscoloringzone.github.io/html/6-times-table-worksheet-for-grade-3-with-answers-part-130-6749.html,https://mathworksheetkidscoloringzone.github.io/images/6-times-table-worksheet-for-grade-3-with-answers-part-130-6749.jpg,Homeschool Math,04/11/2026 08:33:00 PM
Printable Tracing Worksheet For Kids - Part 131 | Free Printable,Teachers and parents love this Tracing worksheet for Kindergarten. Download and print instantly.,https://mathworksheetkidscoloringzone.github.io/html/printable-tracing-worksheet-for-kids-part-131-5768.html,https://mathworksheetkidscoloringzone.github.io/images/printable-tracing-worksheet-for-kids-part-131-5768.jpg,Math Practice Printables,04/12/2026 08:37:00 AM
Math Word Problem Worksheet,Free printable Word Problem worksheet for Grade 3. Perfect for homeschool practice and classroom activities.,https://mathworksheetkidscoloringzone.github.io/html/math-word-problem-worksheet-9239.html,https://mathworksheetkidscoloringzone.github.io/images/math-word-problem-worksheet-9239.jpg,Elementary Math Activities,04/12/2026 11:00:00 AM
Free 23 Addition Math Worksheet For Grade 1 With Answers - Part 133 | Printable Practice,Free printable Addition worksheet for Grade 1. Perfect for homeschool practice and classroom activities.,https://mathworksheetkidscoloringzone.github.io/html/free-23-addition-math-worksheet-for-grade-1-with-answers-part-133-3407.html,https://mathworksheetkidscoloringzone.github.io/images/free-23-addition-math-worksheet-for-grade-1-with-answers-part-133-3407.jpg,Kids Math Worksheets,04/12/2026 01:24:00 PM
Free Kindergarten Count and Color Worksheet,Fun and engaging Count and Color worksheet for Kindergarten. Perfect printable math practice.,https://mathworksheetkidscoloringzone.github.io/html/free-kindergarten-count-and-color-worksheet-5106.html,https://mathworksheetkidscoloringzone.github.io/images/free-kindergarten-count-and-color-worksheet-5106.jpg,Math Practice Printables,04/12/2026 04:34:00 PM
Pre-K Count The Objects Worksheet - Part 135 | Printable Practice,Help kids master Counting Objects with this printable worksheet for Pre-K. Great for daily math practice.,https://mathworksheetkidscoloringzone.github.io/html/pre-k-count-the-objects-worksheet-part-135-3968.html,https://mathworksheetkidscoloringzone.github.io/images/pre-k-count-the-objects-worksheet-part-135-3968.jpg,Elementary Math Activities,04/12/2026 08:33:00 PM
Printable Free 29 Division Math Worksheet For Grade 2 - Part 136 | Printable Practice,Help kids master Division with this printable worksheet for Grade 2. Great for daily math practice.,https://mathworksheetkidscoloringzone.github.io/html/printable-free-29-division-math-worksheet-for-grade-2-part-136-5706.html,https://mathworksheetkidscoloringzone.github.io/images/printable-free-29-division-math-worksheet-for-grade-2-part-136-5706.jpg,Homeschool Math,04/13/2026 08:31:00 AM
Printable General Math Quiz Printable Worksheet,Help kids master Math with this printable worksheet for Math. Great for daily math practice.,https://mathworksheetkidscoloringzone.github.io/html/printable-general-math-quiz-printable-worksheet-7204.html,https://mathworksheetkidscoloringzone.github.io/images/printable-general-math-quiz-printable-worksheet-7204.jpg,Printable Worksheets,04/13/2026 11:00:00 AM
Missing Number Math Worksheet,Teachers and parents love this Missing Number worksheet for Grade 1. Download and print instantly.,https://mathworksheetkidscoloringzone.github.io/html/missing-number-math-worksheet-3727.html,https://mathworksheetkidscoloringzone.github.io/images/missing-number-math-worksheet-3727.jpg,Elementary Math Activities,04/13/2026 01:25:00 PM
Mixed Operations Math Worksheet,Help kids master Mixed Operations with this printable worksheet for Grade 3. Great for daily math practice.,https://mathworksheetkidscoloringzone.github.io/html/mixed-operations-math-worksheet-5426.html,https://mathworksheetkidscoloringzone.github.io/images/mixed-operations-math-worksheet-5426.jpg,Math Practice Printables,04/13/2026 04:28:00 PM
Grade 2 Multiplication Practice Worksheet (27 Problems) - Part 140 | Printable Practice,Printable Multiplication worksheet designed for Grade 2 students. Easy and fun math practice.,https://mathworksheetkidscoloringzone.github.io/html/grade-2-multiplication-practice-worksheet-27-problems-part-140-5628.html,https://mathworksheetkidscoloringzone.github.io/images/grade-2-multiplication-practice-worksheet-27-problems-part-140-5628.jpg,Homeschool Math,04/13/2026 08:32:00 PM
Free 17 Subtraction Math Worksheet For Grade 2 With Answers - Part 141 | Printable Practice,Help kids master Subtraction with this printable worksheet for Grade 2. Great for daily math practice.,https://mathworksheetkidscoloringzone.github.io/html/free-17-subtraction-math-worksheet-for-grade-2-with-answers-part-141-4949.html,https://mathworksheetkidscoloringzone.github.io/images/free-17-subtraction-math-worksheet-for-grade-2-with-answers-part-141-4949.jpg,Math Practice Printables,04/14/2026 08:26:00 AM
4 Times Table Worksheet For Grade 2 - Part 142 | Printable Practice,Free printable Times Table worksheet for Grade 2. Perfect for homeschool practice and classroom activities.,https://mathworksheetkidscoloringzone.github.io/html/4-times-table-worksheet-for-grade-2-part-142-7092.html,https://mathworksheetkidscoloringzone.github.io/images/4-times-table-worksheet-for-grade-2-part-142-7092.jpg,Elementary Math Activities,04/14/2026 11:01:00 AM
Printable Tracing Worksheet For Kids - Part 143 | Free Printable,Teachers and parents love this Tracing worksheet for Preschool. Download and print instantly.,https://mathworksheetkidscoloringzone.github.io/html/printable-tracing-worksheet-for-kids-part-143-7290.html,https://mathworksheetkidscoloringzone.github.io/images/printable-tracing-worksheet-for-kids-part-143-7290.jpg,Elementary Math Activities,04/14/2026 01:24:00 PM
Math Word Problem Worksheet,Free printable Word Problem worksheet for Grade 3. Perfect for homeschool practice and classroom activities.,https://mathworksheetkidscoloringzone.github.io/html/math-word-problem-worksheet-8106.html,https://mathworksheetkidscoloringzone.github.io/images/math-word-problem-worksheet-8106.jpg,Printable Worksheets,04/14/2026 04:36:00 PM
Grade 3 Addition Practice Worksheet (27 Problems) - Part 145 | Printable Practice,Free printable Addition worksheet for Grade 3. Perfect for homeschool practice and classroom activities.,https://mathworksheetkidscoloringzone.github.io/html/grade-3-addition-practice-worksheet-27-problems-part-145-5689.html,https://mathworksheetkidscoloringzone.github.io/images/grade-3-addition-practice-worksheet-27-problems-part-145-5689.jpg,Homeschool Math,04/14/2026 08:37:00 PM
5 Free Count and Color Worksheets for Grade 1,Free printable Count and Color worksheet for Grade 1. Perfect for homeschool practice and classroom activities.,https://mathworksheetkidscoloringzone.github.io/html/5-free-count-and-color-worksheets-for-grade-1-3420.html,https://mathworksheetkidscoloringzone.github.io/images/5-free-count-and-color-worksheets-for-grade-1-3420.jpg,Elementary Math Activities,04/15/2026 08:22:00 AM
Kindergarten Count The Objects Worksheet - Part 147 | Printable Practice,Help kids master Counting Objects with this printable worksheet for Kindergarten. Great for daily math practice.,https://mathworksheetkidscoloringzone.github.io/html/kindergarten-count-the-objects-worksheet-part-147-8728.html,https://mathworksheetkidscoloringzone.github.io/images/kindergarten-count-the-objects-worksheet-part-147-8728.jpg,Kids Math Worksheets,04/15/2026 11:00:00 AM
Printable Free 10 Division Math Worksheet For Grade 2 - Part 148 | Printable Practice,Fun and engaging Division worksheet for Grade 2. Perfect printable math practice.,https://mathworksheetkidscoloringzone.github.io/html/printable-free-10-division-math-worksheet-for-grade-2-part-148-7717.html,https://mathworksheetkidscoloringzone.github.io/images/printable-free-10-division-math-worksheet-for-grade-2-part-148-7717.jpg,Kids Math Worksheets,04/15/2026 01:30:00 PM
General Knowledge Mathematics Practice for Students (4 Questions),Fun and engaging Math worksheet for Math. Perfect printable math practice.,https://mathworksheetkidscoloringzone.github.io/html/general-knowledge-mathematics-practice-for-students-4-questions-4390.html,https://mathworksheetkidscoloringzone.github.io/images/general-knowledge-mathematics-practice-for-students-4-questions-4390.jpg,Elementary Math Activities,04/15/2026 04:31:00 PM
Missing Number Math Worksheet,Teachers and parents love this Missing Number worksheet for Grade 1. Download and print instantly.,https://mathworksheetkidscoloringzone.github.io/html/missing-number-math-worksheet-4461.html,https://mathworksheetkidscoloringzone.github.io/images/missing-number-math-worksheet-4461.jpg,Math Practice Printables,04/15/2026 08:27:00 PM
Mixed Operations Math Worksheet,Teachers and parents love this Mixed Operations worksheet for Grade 3. Download and print instantly.,https://mathworksheetkidscoloringzone.github.io/html/mixed-operations-math-worksheet-2495.html,https://mathworksheetkidscoloringzone.github.io/images/mixed-operations-math-worksheet-2495.jpg,Math Practice Printables,04/16/2026 08:33:00 AM
Printable Free 19 Multiplication Math Worksheet For Grade 2 - Part 152 | Printable Practice,Printable Multiplication worksheet designed for Grade 2 students. Easy and fun math practice.,https://mathworksheetkidscoloringzone.github.io/html/printable-free-19-multiplication-math-worksheet-for-grade-2-part-152-7720.html,https://mathworksheetkidscoloringzone.github.io/images/printable-free-19-multiplication-math-worksheet-for-grade-2-part-152-7720.jpg,Elementary Math Activities,04/16/2026 11:00:00 AM
Free 27 Subtraction Math Worksheet For Grade 5 With Answers - Part 153 | Printable Practice,Printable Subtraction worksheet designed for Grade 5 students. Easy and fun math practice.,https://mathworksheetkidscoloringzone.github.io/html/free-27-subtraction-math-worksheet-for-grade-5-with-answers-part-153-1263.html,https://mathworksheetkidscoloringzone.github.io/images/free-27-subtraction-math-worksheet-for-grade-5-with-answers-part-153-1263.jpg,Printable Worksheets,04/16/2026 01:36:00 PM
2 Times Table Worksheet For Grade 2 - Part 154 | Printable Practice,Teachers and parents love this Times Table worksheet for Grade 2. Download and print instantly.,https://mathworksheetkidscoloringzone.github.io/html/2-times-table-worksheet-for-grade-2-part-154-5031.html,https://mathworksheetkidscoloringzone.github.io/images/2-times-table-worksheet-for-grade-2-part-154-5031.jpg,Printable Worksheets,04/16/2026 04:30:00 PM
Printable Tracing Worksheet For Kids - Part 155 | Free Printable,Help kids master Tracing with this printable worksheet for Preschool. Great for daily math practice.,https://mathworksheetkidscoloringzone.github.io/html/printable-tracing-worksheet-for-kids-part-155-1001.html,https://mathworksheetkidscoloringzone.github.io/images/printable-tracing-worksheet-for-kids-part-155-1001.jpg,Math Practice Printables,04/16/2026 08:37:00 PM
Math Word Problem Worksheet,Printable Word Problem worksheet designed for Grade 3 students. Easy and fun math practice.,https://mathworksheetkidscoloringzone.github.io/html/math-word-problem-worksheet-9524.html,https://mathworksheetkidscoloringzone.github.io/images/math-word-problem-worksheet-9524.jpg,Math Practice Printables,04/17/2026 08:36:00 AM
Grade 3 Addition Practice Worksheet (11 Problems) - Part 157 | Printable Practice,Free printable Addition worksheet for Grade 3. Perfect for homeschool practice and classroom activities.,https://mathworksheetkidscoloringzone.github.io/html/grade-3-addition-practice-worksheet-11-problems-part-157-7012.html,https://mathworksheetkidscoloringzone.github.io/images/grade-3-addition-practice-worksheet-11-problems-part-157-7012.jpg,Elementary Math Activities,04/17/2026 11:00:00 AM
Grade 1 Count and Color Shapes Worksheet,Free printable Count and Color worksheet for Grade 1. Perfect for homeschool practice and classroom activities.,https://mathworksheetkidscoloringzone.github.io/html/grade-1-count-and-color-shapes-worksheet-6375.html,https://mathworksheetkidscoloringzone.github.io/images/grade-1-count-and-color-shapes-worksheet-6375.jpg,Elementary Math Activities,04/17/2026 01:37:00 PM
Kindergarten Count The Objects Worksheet - Part 159 | Printable Practice,Fun and engaging Counting Objects worksheet for Kindergarten. Perfect printable math practice.,https://mathworksheetkidscoloringzone.github.io/html/kindergarten-count-the-objects-worksheet-part-159-7103.html,https://mathworksheetkidscoloringzone.github.io/images/kindergarten-count-the-objects-worksheet-part-159-7103.jpg,Elementary Math Activities,04/17/2026 04:32:00 PM
Free 24 Division Math Worksheet For Grade 2 - Part 160 | Printable Practice,Printable Division worksheet designed for Grade 2 students. Easy and fun math practice.,https://mathworksheetkidscoloringzone.github.io/html/free-24-division-math-worksheet-for-grade-2-part-160-5193.html,https://mathworksheetkidscoloringzone.github.io/images/free-24-division-math-worksheet-for-grade-2-part-160-5193.jpg,Kids Math Worksheets,04/17/2026 08:22:00 PM
Interactive Mathematics Quiz Worksheet (4 Questions),Help kids master Math with this printable worksheet for Math. Great for daily math practice.,https://mathworksheetkidscoloringzone.github.io/html/interactive-mathematics-quiz-worksheet-4-questions-6815.html,https://mathworksheetkidscoloringzone.github.io/images/interactive-mathematics-quiz-worksheet-4-questions-6815.jpg,Elementary Math Activities,04/18/2026 08:36:00 AM
Missing Number Math Worksheet,Fun and engaging Missing Number worksheet for Grade 1. Perfect printable math practice.,https://mathworksheetkidscoloringzone.github.io/html/missing-number-math-worksheet-6807.html,https://mathworksheetkidscoloringzone.github.io/images/missing-number-math-worksheet-6807.jpg,Printable Worksheets,04/18/2026 11:00:00 AM
Mixed Operations Math Worksheet,Printable Mixed Operations worksheet designed for Grade 3 students. Easy and fun math practice.,https://mathworksheetkidscoloringzone.github.io/html/mixed-operations-math-worksheet-2849.html,https://mathworksheetkidscoloringzone.github.io/images/mixed-operations-math-worksheet-2849.jpg,Printable Worksheets,04/18/2026 01:27:00 PM
Grade 2 Multiplication Practice Worksheet (29 Problems) - Part 164 | Printable Practice,Teachers and parents love this Multiplication worksheet for Grade 2. Download and print instantly.,https://mathworksheetkidscoloringzone.github.io/html/grade-2-multiplication-practice-worksheet-29-problems-part-164-6555.html,https://mathworksheetkidscoloringzone.github.io/images/grade-2-multiplication-practice-worksheet-29-problems-part-164-6555.jpg,Printable Worksheets,04/18/2026 04:37:00 PM
Grade 5 Subtraction Practice Worksheet (19 Problems) - Part 165 | Printable Practice,Printable Subtraction worksheet designed for Grade 5 students. Easy and fun math practice.,https://mathworksheetkidscoloringzone.github.io/html/grade-5-subtraction-practice-worksheet-19-problems-part-165-4165.html,https://mathworksheetkidscoloringzone.github.io/images/grade-5-subtraction-practice-worksheet-19-problems-part-165-4165.jpg,Kids Math Worksheets,04/18/2026 08:26:00 PM
Printable 2 Times Table Worksheet For Grade 2 - Part 166 | Printable Practice,Help kids master Times Table with this printable worksheet for Grade 2. Great for daily math practice.,https://mathworksheetkidscoloringzone.github.io/html/printable-2-times-table-worksheet-for-grade-2-part-166-2647.html,https://mathworksheetkidscoloringzone.github.io/images/printable-2-times-table-worksheet-for-grade-2-part-166-2647.jpg,Homeschool Math,04/19/2026 08:24:00 AM
Printable Tracing Worksheet For Kids - Part 167 | Free Printable,Help kids master Tracing with this printable worksheet for Preschool. Great for daily math practice.,https://mathworksheetkidscoloringzone.github.io/html/printable-tracing-worksheet-for-kids-part-167-1623.html,https://mathworksheetkidscoloringzone.github.io/images/printable-tracing-worksheet-for-kids-part-167-1623.jpg,Math Practice Printables,04/19/2026 11:02:00 AM
Math Word Problem Worksheet,Free printable Word Problem worksheet for Grade 3. Perfect for homeschool practice and classroom activities.,https://mathworksheetkidscoloringzone.github.io/html/math-word-problem-worksheet-6165.html,https://mathworksheetkidscoloringzone.github.io/images/math-word-problem-worksheet-6165.jpg,Homeschool Math,04/19/2026 01:35:00 PM
Free 17 Addition Math Worksheet For Grade 3 With Answers - Part 169 | Printable Practice,Free printable Addition worksheet for Grade 3. Perfect for homeschool practice and classroom activities.,https://mathworksheetkidscoloringzone.github.io/html/free-17-addition-math-worksheet-for-grade-3-with-answers-part-169-1967.html,https://mathworksheetkidscoloringzone.github.io/images/free-17-addition-math-worksheet-for-grade-3-with-answers-part-169-1967.jpg,Kids Math Worksheets,04/19/2026 04:23:00 PM
Fun Count and Color Objects Worksheet for Kindergarten,Teachers and parents love this Count and Color worksheet for Kindergarten. Download and print instantly.,https://mathworksheetkidscoloringzone.github.io/html/fun-count-and-color-objects-worksheet-for-kindergarten-3324.html,https://mathworksheetkidscoloringzone.github.io/images/fun-count-and-color-objects-worksheet-for-kindergarten-3324.jpg,Homeschool Math,04/19/2026 08:36:00 PM
Free Counting Objects Worksheet For Kindergarten Printable - Part 171 | Printable Practice,Fun and engaging Counting Objects worksheet for Kindergarten. Perfect printable math practice.,https://mathworksheetkidscoloringzone.github.io/html/free-counting-objects-worksheet-for-kindergarten-printable-part-171-9878.html,https://mathworksheetkidscoloringzone.github.io/images/free-counting-objects-worksheet-for-kindergarten-printable-part-171-9878.jpg,Elementary Math Activities,04/20/2026 08:37:00 AM
Free 29 Division Math Worksheet For Grade 1 With Answers - Part 172 | Printable Practice,Free printable Division worksheet for Grade 1. Perfect for homeschool practice and classroom activities.,https://mathworksheetkidscoloringzone.github.io/html/free-29-division-math-worksheet-for-grade-1-with-answers-part-172-2408.html,https://mathworksheetkidscoloringzone.github.io/images/free-29-division-math-worksheet-for-grade-1-with-answers-part-172-2408.jpg,Homeschool Math,04/20/2026 11:00:00 AM
General Knowledge Math Questions Quiz Worksheet for Teens,Teachers and parents love this Math worksheet for Math. Download and print instantly.,https://mathworksheetkidscoloringzone.github.io/html/general-knowledge-math-questions-quiz-worksheet-for-teens-2747.html,https://mathworksheetkidscoloringzone.github.io/images/general-knowledge-math-questions-quiz-worksheet-for-teens-2747.jpg,Kids Math Worksheets,04/20/2026 01:29:00 PM
Missing Number Math Worksheet,Fun and engaging Missing Number worksheet for Grade 1. Perfect printable math practice.,https://mathworksheetkidscoloringzone.github.io/html/missing-number-math-worksheet-3307.html,https://mathworksheetkidscoloringzone.github.io/images/missing-number-math-worksheet-3307.jpg,Kids Math Worksheets,04/20/2026 04:35:00 PM
Mixed Operations Math Worksheet,Teachers and parents love this Mixed Operations worksheet for Grade 3. Download and print instantly.,https://mathworksheetkidscoloringzone.github.io/html/mixed-operations-math-worksheet-4784.html,https://mathworksheetkidscoloringzone.github.io/images/mixed-operations-math-worksheet-4784.jpg,Homeschool Math,04/20/2026 08:37:00 PM
Free 12 Multiplication Math Worksheet For Grade 1 With Answers - Part 176 | Printable Practice,Teachers and parents love this Multiplication worksheet for Grade 1. Download and print instantly.,https://mathworksheetkidscoloringzone.github.io/html/free-12-multiplication-math-worksheet-for-grade-1-with-answers-part-176-4045.html,https://mathworksheetkidscoloringzone.github.io/images/free-12-multiplication-math-worksheet-for-grade-1-with-answers-part-176-4045.jpg,Homeschool Math,04/21/2026 08:38:00 AM
Free 19 Subtraction Math Worksheet For Grade 5 With Answers - Part 177 | Printable Practice,Help kids master Subtraction with this printable worksheet for Grade 5. Great for daily math practice.,https://mathworksheetkidscoloringzone.github.io/html/free-19-subtraction-math-worksheet-for-grade-5-with-answers-part-177-7488.html,https://mathworksheetkidscoloringzone.github.io/images/free-19-subtraction-math-worksheet-for-grade-5-with-answers-part-177-7488.jpg,Elementary Math Activities,04/21/2026 11:00:00 AM
10 Times Table Worksheet For Grade 3 - Part 178 | Printable Practice,Free printable Times Table worksheet for Grade 3. Perfect for homeschool practice and classroom activities.,https://mathworksheetkidscoloringzone.github.io/html/10-times-table-worksheet-for-grade-3-part-178-6866.html,https://mathworksheetkidscoloringzone.github.io/images/10-times-table-worksheet-for-grade-3-part-178-6866.jpg,Printable Worksheets,04/21/2026 01:34:00 PM
Printable Tracing Worksheet For Kids - Part 179 | Free Printable,Printable Tracing worksheet designed for Kindergarten students. Easy and fun math practice.,https://mathworksheetkidscoloringzone.github.io/html/printable-tracing-worksheet-for-kids-part-179-4562.html,https://mathworksheetkidscoloringzone.github.io/images/printable-tracing-worksheet-for-kids-part-179-4562.jpg,Printable Worksheets,04/21/2026 04:22:00 PM
Math Word Problem Worksheet,Printable Word Problem worksheet designed for Grade 3 students. Easy and fun math practice.,https://mathworksheetkidscoloringzone.github.io/html/math-word-problem-worksheet-4452.html,https://mathworksheetkidscoloringzone.github.io/images/math-word-problem-worksheet-4452.jpg,Printable Worksheets,04/21/2026 08:33:00 PM
Grade 5 Addition Practice Worksheet (15 Problems) - Part 181 | Printable Practice,Free printable Addition worksheet for Grade 5. Perfect for homeschool practice and classroom activities.,https://mathworksheetkidscoloringzone.github.io/html/grade-5-addition-practice-worksheet-15-problems-part-181-3982.html,https://mathworksheetkidscoloringzone.github.io/images/grade-5-addition-practice-worksheet-15-problems-part-181-3982.jpg,Kids Math Worksheets,04/22/2026 08:33:00 AM
"Count and Color Star, Flower, Square Worksheet for Kids",Fun and engaging Count and Color worksheet for Grade 1. Perfect printable math practice.,https://mathworksheetkidscoloringzone.github.io/html/count-and-color-star-flower-square-worksheet-for-kids-1242.html,https://mathworksheetkidscoloringzone.github.io/images/count-and-color-star-flower-square-worksheet-for-kids-1242.jpg,Kids Math Worksheets,04/22/2026 11:03:00 AM
Pre-K Count The Objects Worksheet - Part 183 | Printable Practice,Free printable Counting Objects worksheet for Pre-K. Perfect for homeschool practice and classroom activities.,https://mathworksheetkidscoloringzone.github.io/html/pre-k-count-the-objects-worksheet-part-183-2944.html,https://mathworksheetkidscoloringzone.github.io/images/pre-k-count-the-objects-worksheet-part-183-2944.jpg,Printable Worksheets,04/22/2026 01:22:00 PM
Printable Free 25 Division Math Worksheet For Grade 2 - Part 184 | Printable Practice,Fun and engaging Division worksheet for Grade 2. Perfect printable math practice.,https://mathworksheetkidscoloringzone.github.io/html/printable-free-25-division-math-worksheet-for-grade-2-part-184-1618.html,https://mathworksheetkidscoloringzone.github.io/images/printable-free-25-division-math-worksheet-for-grade-2-part-184-1618.jpg,Homeschool Math,04/22/2026 04:38:00 PM
4 Math Questions for Students,Free printable Math worksheet for Math. Perfect for homeschool practice and classroom activities.,https://mathworksheetkidscoloringzone.github.io/html/4-math-questions-for-students-5291.html,https://mathworksheetkidscoloringzone.github.io/images/4-math-questions-for-students-5291.jpg,Kids Math Worksheets,04/22/2026 08:23:00 PM
Missing Number Math Worksheet,Teachers and parents love this Missing Number worksheet for Grade 1. Download and print instantly.,https://mathworksheetkidscoloringzone.github.io/html/missing-number-math-worksheet-1451.html,https://mathworksheetkidscoloringzone.github.io/images/missing-number-math-worksheet-1451.jpg,Math Practice Printables,04/23/2026 08:22:00 AM
Mixed Operations Math Worksheet,Teachers and parents love this Mixed Operations worksheet for Grade 3. Download and print instantly.,https://mathworksheetkidscoloringzone.github.io/html/mixed-operations-math-worksheet-8819.html,https://mathworksheetkidscoloringzone.github.io/images/mixed-operations-math-worksheet-8819.jpg,Homeschool Math,04/23/2026 11:00:00 AM
Printable Free 25 Multiplication Math Worksheet For Grade 1 - Part 188 | Printable Practice,Free printable Multiplication worksheet for Grade 1. Perfect for homeschool practice and classroom activities.,https://mathworksheetkidscoloringzone.github.io/html/printable-free-25-multiplication-math-worksheet-for-grade-1-part-188-6285.html,https://mathworksheetkidscoloringzone.github.io/images/printable-free-25-multiplication-math-worksheet-for-grade-1-part-188-6285.jpg,Printable Worksheets,04/23/2026 01:32:00 PM
Free 30 Subtraction Math Worksheet For Grade 5 With Answers - Part 189 | Printable Practice,Fun and engaging Subtraction worksheet for Grade 5. Perfect printable math practice.,https://mathworksheetkidscoloringzone.github.io/html/free-30-subtraction-math-worksheet-for-grade-5-with-answers-part-189-7056.html,https://mathworksheetkidscoloringzone.github.io/images/free-30-subtraction-math-worksheet-for-grade-5-with-answers-part-189-7056.jpg,Printable Worksheets,04/23/2026 04:25:00 PM
Grade 3 Multiplication Table 7 Practice - Part 190 | Printable Practice,Fun and engaging Times Table worksheet for Grade 3. Perfect printable math practice.,https://mathworksheetkidscoloringzone.github.io/html/grade-3-multiplication-table-7-practice-part-190-3632.html,https://mathworksheetkidscoloringzone.github.io/images/grade-3-multiplication-table-7-practice-part-190-3632.jpg,Math Practice Printables,04/23/2026 08:30:00 PM
Printable Tracing Worksheet For Kids - Part 191 | Free Printable,Teachers and parents love this Tracing worksheet for Kindergarten. Download and print instantly.,https://mathworksheetkidscoloringzone.github.io/html/printable-tracing-worksheet-for-kids-part-191-6450.html,https://mathworksheetkidscoloringzone.github.io/images/printable-tracing-worksheet-for-kids-part-191-6450.jpg,Math Practice Printables,04/24/2026 08:23:00 AM
Math Word Problem Worksheet,Fun and engaging Word Problem worksheet for Grade 3. Perfect printable math practice.,https://mathworksheetkidscoloringzone.github.io/html/math-word-problem-worksheet-6749.html,https://mathworksheetkidscoloringzone.github.io/images/math-word-problem-worksheet-6749.jpg,Printable Worksheets,04/24/2026 11:00:00 AM
Printable Free 25 Addition Math Worksheet For Grade 3 - Part 193 | Printable Practice,Help kids master Addition with this printable worksheet for Grade 3. Great for daily math practice.,https://mathworksheetkidscoloringzone.github.io/html/printable-free-25-addition-math-worksheet-for-grade-3-part-193-2826.html,https://mathworksheetkidscoloringzone.github.io/images/printable-free-25-addition-math-worksheet-for-grade-3-part-193-2826.jpg,Elementary Math Activities,04/24/2026 01:38:00 PM
Free Preschool Count and Color Worksheet,Teachers and parents love this Count and Color worksheet for Preschool. Download and print instantly.,https://mathworksheetkidscoloringzone.github.io/html/free-preschool-count-and-color-worksheet-5830.html,https://mathworksheetkidscoloringzone.github.io/images/free-preschool-count-and-color-worksheet-5830.jpg,Kids Math Worksheets,04/24/2026 04:30:00 PM
Free Counting Objects Worksheet For Pre-K Printable - Part 195 | Printable Practice,Help kids master Counting Objects with this printable worksheet for Pre-K. Great for daily math practice.,https://mathworksheetkidscoloringzone.github.io/html/free-counting-objects-worksheet-for-pre-k-printable-part-195-3582.html,https://mathworksheetkidscoloringzone.github.io/images/free-counting-objects-worksheet-for-pre-k-printable-part-195-3582.jpg,Math Practice Printables,04/24/2026 08:26:00 PM
Grade 2 Division Practice Worksheet (20 Problems) - Part 196 | Printable Practice,Help kids master Division with this printable worksheet for Grade 2. Great for daily math practice.,https://mathworksheetkidscoloringzone.github.io/html/grade-2-division-practice-worksheet-20-problems-part-196-1776.html,https://mathworksheetkidscoloringzone.github.io/images/grade-2-division-practice-worksheet-20-problems-part-196-1776.jpg,Printable Worksheets,04/25/2026 08:33:00 AM
8 Math Knowledge Test Worksheet,Fun and engaging Math worksheet for Math. Perfect printable math practice.,https://mathworksheetkidscoloringzone.github.io/html/8-math-knowledge-test-worksheet-5543.html,https://mathworksheetkidscoloringzone.github.io/images/8-math-knowledge-test-worksheet-5543.jpg,Elementary Math Activities,04/25/2026 11:03:00 AM
Missing Number Math Worksheet,Free printable Missing Number worksheet for Grade 1. Perfect for homeschool practice and classroom activities.,https://mathworksheetkidscoloringzone.github.io/html/missing-number-math-worksheet-7160.html,https://mathworksheetkidscoloringzone.github.io/images/missing-number-math-worksheet-7160.jpg,Homeschool Math,04/25/2026 01:29:00 PM
Mixed Operations Math Worksheet,Free printable Mixed Operations worksheet for Grade 3. Perfect for homeschool practice and classroom activities.,https://mathworksheetkidscoloringzone.github.io/html/mixed-operations-math-worksheet-7104.html,https://mathworksheetkidscoloringzone.github.io/images/mixed-operations-math-worksheet-7104.jpg,Math Practice Printables,04/25/2026 04:25:00 PM
Printable Free 24 Multiplication Math Worksheet For Grade 2 - Part 200 | Printable Practice,Help kids master Multiplication with this printable worksheet for Grade 2. Great for daily math practice.,https://mathworksheetkidscoloringzone.github.io/html/printable-free-24-multiplication-math-worksheet-for-grade-2-part-200-8941.html,https://mathworksheetkidscoloringzone.github.io/images/printable-free-24-multiplication-math-worksheet-for-grade-2-part-200-8941.jpg,Homeschool Math,04/25/2026 08:35:00 PM
